code,name,missing_date
atlanta,Atlanta,2026-05-18
bogota,Bogota,2026-05-22
bogota,Bogota,2026-06-15
boston,Boston,2026-06-10
boston,Boston,2026-06-15
buffalo4d,Buffalo4d,2026-06-15
bullseye,Bullseye,2026-06-15
california,California,2026-06-15
cambodia,Cambodia,2026-06-08
cambodia,Cambodia,2026-06-15
carolina-day,Carolina Day,2026-06-11
china,China,2026-06-13
china,China,2026-06-15
freetown,Freetown,2026-05-23
freetown,Freetown,2026-05-31
freetown,Freetown,2026-06-11
georgia-mid,Georgia Mid,2026-06-15
georgia-night,Georgia Night,2026-06-15
germany,Germany,2026-05-22
hongkong,Hongkong,2026-06-08
hongkong,Hongkong,2026-06-09
hongkong,Hongkong,2026-06-15
illinois-eve,Illinois Eve,2026-06-11
illinois-eve,Illinois Eve,2026-06-15
illinois-mid,Illinois Mid,2026-06-11
indiana-eve,Indiana Eve,2026-06-13
indiana-eve,Indiana Eve,2026-06-15
indiana-mid,Indiana Mid,2026-06-13
jakarta,Jakarta,2026-05-23
jakarta,Jakarta,2026-06-15
japan,Japan,2026-06-15
jepang,Jepang,2026-05-22
jepang,Jepang,2026-05-26
jepang,Jepang,2026-05-29
jepang,Jepang,2026-06-02
jepang,Jepang,2026-06-07
jepang,Jepang,2026-06-15
kentucky-eve,Kentucky Eve,2026-06-13
kentucky-eve,Kentucky Eve,2026-06-15
kentucky-mid,Kentucky Mid,2026-06-15
kingkong-17,Kingkong 17,2026-06-15
kingkong-23,Kingkong 23,2026-05-19
kingkong-23,Kingkong 23,2026-06-07
kingkong-23,Kingkong 23,2026-06-12
kingkong-23,Kingkong 23,2026-06-15
kingston,Kingston,2026-05-18
korea,Korea,2026-06-15
kupang,Kupang,2026-06-05
lima,Lima,2026-05-31
lima,Lima,2026-06-07
lima,Lima,2026-06-09
lima,Lima,2026-06-15
maryland-mid,Maryland Mid,2026-06-15
missouri-eve,Missouri Eve,2026-06-11
missouri-mid,Missouri Mid,2026-06-11
mongolia,Mongolia,2026-05-21
mongolia,Mongolia,2026-05-31
mongolia,Mongolia,2026-06-15
moscow,Moscow,2026-05-25
munchen,Munchen,2026-06-15
newjersey-eve,Newjersey Eve,2026-06-13
newjersey-eve,Newjersey Eve,2026-06-15
newyork-mid,Newyork Mid,2026-06-15
north-korea,North Korea,2026-05-20
north-korea,North Korea,2026-05-22
north-korea,North Korea,2026-06-15
nusa,Nusa,2026-06-11
nusa,Nusa,2026-06-15
nusa-toto,Nusa Toto,2026-06-15
ohio-mid,Ohio Mid,2026-06-15
oregon-13-00-wib,Oregon 13:00 Wib,2026-06-15
oslo-pools,Oslo Pools,2026-06-15
pcso,Pcso,2026-06-15
pennsylvania-eve,Pennsylvania Eve,2026-05-19
pennsylvania-eve,Pennsylvania Eve,2026-06-10
phoenix4d,Phoenix4d,2026-06-15
portland,Portland,2026-06-02
portland,Portland,2026-06-15
rhode-island,Rhode Island,2026-06-10
singapore,Singapore,2026-06-08
singapore,Singapore,2026-06-09
singapore,Singapore,2026-06-12
singapore,Singapore,2026-06-15
singapore-25,Singapore 25,2026-05-16
singapore-25,Singapore 25,2026-05-17
singapore-25,Singapore 25,2026-05-18
singapore-25,Singapore 25,2026-05-20
singapore-25,Singapore 25,2026-05-21
singapore-25,Singapore 25,2026-05-23
singapore-25,Singapore 25,2026-05-24
singapore-25,Singapore 25,2026-05-25
singapore-25,Singapore 25,2026-05-27
singapore-25,Singapore 25,2026-05-28
singapore-25,Singapore 25,2026-05-30
singapore-25,Singapore 25,2026-05-31
singapore-25,Singapore 25,2026-06-01
singapore-25,Singapore 25,2026-06-03
singapore-25,Singapore 25,2026-06-04
singapore-25,Singapore 25,2026-06-06
singapore-25,Singapore 25,2026-06-07
singapore-25,Singapore 25,2026-06-08
singapore-25,Singapore 25,2026-06-10
singapore-25,Singapore 25,2026-06-11
singapore-25,Singapore 25,2026-06-13
singapore-25,Singapore 25,2026-06-15
sydney,Sydney,2026-06-15
taiwan,Taiwan,2026-06-15
tennesse-mid,Tennesse Mid,2026-06-15
tennesse-mor,Tennesse Mor,2026-06-15
texas-day,Texas Day,2026-06-08
texas-day,Texas Day,2026-06-15
texas-eve,Texas Eve,2026-06-08
texas-eve,Texas Eve,2026-06-15
texas-mor,Texas Mor,2026-06-15
texas-night,Texas Night,2026-06-08
texas-night,Texas Night,2026-06-15
thailand-lotteries,Thailand Lotteries,2026-06-05
thailand-lotteries,Thailand Lotteries,2026-06-15
totomacau-13,Toto Macau 13,2026-06-15
totomacau-16,Toto Macau 16,2026-06-15
totomacau-19,Toto Macau 19,2026-06-11
totomacau-19,Toto Macau 19,2026-06-15
totomacau-22,Toto Macau 22,2026-06-13
totomacau-22,Toto Macau 22,2026-06-15
totomacau-23,Toto Macau 23,2026-06-15
vietnam,Vietnam,2026-05-29
vietnam,Vietnam,2026-06-15
virginia-day,Virginia Day,2026-06-11
virginia-night,Virginia Night,2026-06-15
washington-eve,Washington Eve,2026-06-13
wisconsin,Wisconsin,2026-06-09
wisconsin,Wisconsin,2026-06-11
